<?xml version="1.0" encoding="UTF-8"?>
<LightningComponentBundle xmlns="http://soap.sforce.com/2006/04/metadata">
    <apiVersion>49.0</apiVersion>
    <isExposed>true</isExposed>
    <masterLabel>B2B Custom Product Details</masterLabel>
    <targets>
        <target>lightning__RecordPage</target>
        <target>lightning__HomePage</target>
        <target>lightningCommunity__Page</target>
        <target>lightningCommunity__Default</target>
        <target>lightning__AppPage</target>
    </targets>
    <targetConfigs>
        <targetConfig targets="lightningCommunity__Default">
            <property name="recordId" type="String" label="Record Id" description="Automatically bind the page's record id to the component variable" default="{!recordId}"/>
            <property name="effectiveAccountId" type="String" label="Effective Account Id" description="The ID of the account under which the user is acting (BETA)" default="{!CurrentUser.effectiveAccountId}"/>
        </targetConfig>
    </targetConfigs>
</LightningComponentBundle>